<?xml version="1.0" encoding="utf-8"?>
<Bounds xmlns:xsi="http://www.w3.org/2001/XMLSchema-instance" xmlns:xsd="http://www.w3.org/2001/XMLSchema">
  <maxX>3.40282347E+38</maxX>
  <minX>3.40282347E+38</minX>
  <maxY>3.40282347E+38</maxY>
  <minY>3.40282347E+38</minY>
  <maxSalt>0</maxSalt>
  <minSalt>3.40282347E+38</minSalt>
  <maxVX>0</maxVX>
  <minVX>3.40282347E+38</minVX>
  <maxVY>0</maxVY>
  <minVY>3.40282347E+38</minVY>
  <minZ>3.40282347E+38</minZ>
  <maxZ>3.40282347E+38</maxZ>
</Bounds>